{
  "oldParams": true,
  "wave_type": 1,
  "p_env_attack": 0.9672723654785633,
  "p_env_sustain": 0.642872172573575,
  "p_env_punch": 0.10240511490533469,
  "p_env_decay": 0.5249739296384965,
  "p_base_freq": -0.13325933336992402,
  "p_freq_limit": 0,
  "p_freq_ramp": 0.18925018524725096,
  "p_freq_dramp": -0.1304525606837701,
  "p_vib_strength": 0.5030710012359386,
  "p_vib_speed": 0.08966517499166793,
  "p_arp_mod": -0.42821472856598664,
  "p_arp_speed": -0.7003734110390644,
  "p_duty": -0.5140867231013657,
  "p_duty_ramp": -0.08760691393299448,
  "p_repeat_speed": 0.7876096376160204,
  "p_pha_offset": 0.9625307970896814,
  "p_pha_ramp": -0.45236939598447207,
  "p_lpf_freq": 0.9894754322735749,
  "p_lpf_ramp": -0.11113784420331972,
  "p_lpf_resonance": 0.6573894031613086,
  "p_hpf_freq": 0.1015478119266522,
  "p_hpf_ramp": 0.000008435870863592175,
  "sound_vol": 0.25,
  "sample_rate": 44100,
  "sample_size": 8
}
